{
  "mean_seizure_rqi": 31.110344854575633,
  "std_seizure_rqi": 19.207322694219002,
  "min_seizure_rqi": 0.0,
  "max_seizure_rqi": 87.75,
  "mean_structural": 78.63247863247862,
  "mean_coverage": 33.96621896621895,
  "mean_temporal_f1": 33.70502716656563,
  "mean_localizing": 13.461538461538462,
  "total_hallucinations": 243,
  "reports_with_safety_issues": 0,
  "reports_with_non_seizure": 9,
  "total_reports": 78
}