{
  "mean_seizure_rqi": 37.894341285329645,
  "std_seizure_rqi": 19.320404293077175,
  "min_seizure_rqi": 0.0,
  "max_seizure_rqi": 85.5,
  "mean_structural": 83.91472868217055,
  "mean_coverage": 38.37393872277593,
  "mean_temporal_f1": 31.974843631820377,
  "mean_localizing": 19.37984496124031,
  "total_hallucinations": 323,
  "reports_with_safety_issues": 0,
  "reports_with_non_seizure": 2,
  "total_reports": 86
}