{
  "mean_seizure_rqi": 32.58892324615649,
  "std_seizure_rqi": 15.562175609396913,
  "min_seizure_rqi": 0.0,
  "max_seizure_rqi": 69.0,
  "mean_structural": 88.17829457364341,
  "mean_coverage": 33.3485603543743,
  "mean_temporal_f1": 27.25519464575552,
  "mean_localizing": 6.782945736434107,
  "total_hallucinations": 370,
  "reports_with_safety_issues": 0,
  "reports_with_non_seizure": 0,
  "total_reports": 86
}