{
  "mean_seizure_rqi": 31.03341890098046,
  "std_seizure_rqi": 17.325867384489122,
  "min_seizure_rqi": 0.0,
  "max_seizure_rqi": 67.0530303030303,
  "mean_structural": 81.97674418604652,
  "mean_coverage": 36.31136950904392,
  "mean_temporal_f1": 32.90295412901432,
  "mean_localizing": 17.441860465116278,
  "total_hallucinations": 346,
  "reports_with_safety_issues": 0,
  "reports_with_non_seizure": 4,
  "total_reports": 86
}