{
  "mean_seizure_rqi": 39.236459455577105,
  "std_seizure_rqi": 18.27187855396008,
  "min_seizure_rqi": 0.0,
  "max_seizure_rqi": 83.41666666666666,
  "mean_structural": 90.98039215686273,
  "mean_coverage": 34.18160597572362,
  "mean_temporal_f1": 30.61129067011419,
  "mean_localizing": 15.196078431372547,
  "total_hallucinations": 293,
  "reports_with_safety_issues": 0,
  "reports_with_non_seizure": 0,
  "total_reports": 85
}