feature,n_pairs,bleu_corpus,rouge1_f1_mean,rougeL_f1_mean,berts_f1_mean
ictal_vocalization,334,6.873800527,0.255690752,0.228605116,0.6492697
verbal_responsiveness,438,0.661096335,0.172995186,0.140922946,0.621770859
AVG_2,386,3.767448431,0.214342969,0.184764031,0.635520279