{
  "mean_seizure_rqi": 40.16608629753271,
  "std_seizure_rqi": 19.080292688930875,
  "min_seizure_rqi": 0.0,
  "max_seizure_rqi": 86.08791208791209,
  "mean_structural": 87.4048706240487,
  "mean_coverage": 41.53257954627818,
  "mean_temporal_f1": 32.39713624483971,
  "mean_localizing": 24.562404870624047,
  "total_hallucinations": 1837,
  "reports_with_safety_issues": 0,
  "reports_with_non_seizure": 5,
  "total_reports": 438
}