{
  "mean_seizure_rqi": 36.06916890263936,
  "std_seizure_rqi": 19.824003590105452,
  "min_seizure_rqi": 0.0,
  "max_seizure_rqi": 83.71428571428572,
  "mean_structural": 84.47488584474884,
  "mean_coverage": 40.4831666304269,
  "mean_temporal_f1": 31.951675471173747,
  "mean_localizing": 25.34246575342466,
  "total_hallucinations": 1848,
  "reports_with_safety_issues": 0,
  "reports_with_non_seizure": 7,
  "total_reports": 438
}