{
  "mean_seizure_rqi": 43.19922122667798,
  "std_seizure_rqi": 18.362471335977286,
  "min_seizure_rqi": 0.0,
  "max_seizure_rqi": 87.88888888888889,
  "mean_structural": 92.50980392156862,
  "mean_coverage": 38.1197776080129,
  "mean_temporal_f1": 30.535146514385268,
  "mean_localizing": 27.509803921568626,
  "total_hallucinations": 1636,
  "reports_with_safety_issues": 0,
  "reports_with_non_seizure": 0,
  "total_reports": 425
}