{
  "mean_seizure_rqi": 28.61123289965003,
  "std_seizure_rqi": 18.318285347087475,
  "min_seizure_rqi": 0.0,
  "max_seizure_rqi": 76.95238095238095,
  "mean_structural": 79.98477929984779,
  "mean_coverage": 35.46918961302523,
  "mean_temporal_f1": 30.24774737893403,
  "mean_localizing": 14.61187214611872,
  "total_hallucinations": 1546,
  "reports_with_safety_issues": 0,
  "reports_with_non_seizure": 22,
  "total_reports": 438
}