{
  "mean_seizure_rqi": 40.08247550702078,
  "std_seizure_rqi": 19.89033075793989,
  "min_seizure_rqi": 0.0,
  "max_seizure_rqi": 91.85714285714286,
  "mean_structural": 86.99845679012344,
  "mean_coverage": 38.0313719202608,
  "mean_temporal_f1": 30.60637817539262,
  "mean_localizing": 28.260030864197528,
  "total_hallucinations": 1666,
  "reports_with_safety_issues": 0,
  "reports_with_non_seizure": 9,
  "total_reports": 432
}