{
  "mean_seizure_rqi": 35.51625686771897,
  "std_seizure_rqi": 21.562197991140543,
  "min_seizure_rqi": 0.0,
  "max_seizure_rqi": 86.28571428571429,
  "mean_structural": 76.44596651445966,
  "mean_coverage": 38.19226182239881,
  "mean_temporal_f1": 31.939848489532533,
  "mean_localizing": 22.735920852359207,
  "total_hallucinations": 1666,
  "reports_with_safety_issues": 0,
  "reports_with_non_seizure": 10,
  "total_reports": 438
}