{
  "mean_seizure_rqi": 38.16595414950519,
  "std_seizure_rqi": 18.662747072688767,
  "min_seizure_rqi": 0.0,
  "max_seizure_rqi": 87.66666666666666,
  "mean_structural": 87.74733637747335,
  "mean_coverage": 42.363919692686814,
  "mean_temporal_f1": 33.29005963320396,
  "mean_localizing": 21.194824961948246,
  "total_hallucinations": 1772,
  "reports_with_safety_issues": 0,
  "reports_with_non_seizure": 37,
  "total_reports": 438
}