{
  "mean_seizure_rqi": 43.30988409402994,
  "std_seizure_rqi": 18.729147712180165,
  "min_seizure_rqi": 0.0,
  "max_seizure_rqi": 96.72727272727272,
  "mean_structural": 89.84018264840182,
  "mean_coverage": 41.939807402136175,
  "mean_temporal_f1": 32.30429518402927,
  "mean_localizing": 27.511415525114156,
  "total_hallucinations": 1842,
  "reports_with_safety_issues": 0,
  "reports_with_non_seizure": 0,
  "total_reports": 438
}