{
  "mean_seizure_rqi": 38.624746126602616,
  "std_seizure_rqi": 14.355503562233535,
  "min_seizure_rqi": 4.594324316406249,
  "max_seizure_rqi": 77.31685267857142,
  "mean_structural": 86.99845679012344,
  "mean_coverage": 38.0313719202608,
  "mean_temporal_f1": 40.729417187750514,
  "mean_localizing": 40.50925925925926,
  "mean_hallucination_multiplier": 0.8333548802844688,
  "reports_with_safety_issues": 0,
  "reports_with_non_seizure": 9,
  "mean_length_multiplier": 0.9953703703703703,
  "total_reports": 432
}