{
  "mean_seizure_rqi": 37.536916912336714,
  "std_seizure_rqi": 15.24103478703926,
  "min_seizure_rqi": 2.5209976388984363,
  "max_seizure_rqi": 90.25,
  "mean_structural": 87.74733637747335,
  "mean_coverage": 42.363919692686814,
  "mean_temporal_f1": 43.645464758478454,
  "mean_localizing": 38.86986301369863,
  "mean_hallucination_multiplier": 0.8297040577126947,
  "reports_with_safety_issues": 0,
  "reports_with_non_seizure": 37,
  "mean_length_multiplier": 0.9863013698630136,
  "total_reports": 438
}