{
  "mean_seizure_rqi": 37.485569470546544,
  "std_seizure_rqi": 14.991761843239818,
  "min_seizure_rqi": 3.317102156445311,
  "max_seizure_rqi": 75.81,
  "mean_structural": 84.47488584474884,
  "mean_coverage": 40.4831666304269,
  "mean_temporal_f1": 41.58274627452709,
  "mean_localizing": 46.518264840182646,
  "mean_hallucination_multiplier": 0.8216222309206174,
  "reports_with_safety_issues": 0,
  "reports_with_non_seizure": 7,
  "mean_length_multiplier": 0.984474885844749,
  "total_reports": 438
}