{
  "mean_seizure_rqi": 36.95545676600538,
  "std_seizure_rqi": 14.757312087957168,
  "min_seizure_rqi": 3.491686480468749,
  "max_seizure_rqi": 81.225,
  "mean_structural": 76.44596651445966,
  "mean_coverage": 38.19226182239881,
  "mean_temporal_f1": 38.44702101551417,
  "mean_localizing": 52.054794520547944,
  "mean_hallucination_multiplier": 0.843015672231936,
  "reports_with_safety_issues": 0,
  "reports_with_non_seizure": 10,
  "mean_length_multiplier": 0.9917808219178081,
  "total_reports": 438
}