,n_total,n_ES,n_NES,ratio_ES
ALL,432.0,294.0,138.0,0.6805555555555556
fold_0,82.0,56.0,26.0,0.6829268292682927
fold_1,90.0,57.0,33.0,0.6333333333333333
fold_2,81.0,55.0,26.0,0.6790123456790124
fold_3,62.0,40.0,22.0,0.6451612903225806
fold_4,117.0,86.0,31.0,0.7350427350427351
