n_pairs,bleu_corpus,rouge1_f1_mean,rougeL_f1_mean,berts_f1_mean
2,1.9911655517472993,0.33333333333333337,0.2352941176470588,0.6725088357925415
