{
  "mean_seizure_rqi": 37.52456005564532,
  "std_seizure_rqi": 14.11435971912774,
  "min_seizure_rqi": 4.364608100585936,
  "max_seizure_rqi": 82.72916666666666,
  "mean_structural": 88.17829457364341,
  "mean_coverage": 33.3485603543743,
  "mean_temporal_f1": 34.57985167287492,
  "mean_localizing": 45.348837209302324,
  "mean_hallucination_multiplier": 0.8375165046551826,
  "reports_with_safety_issues": 0,
  "reports_with_non_seizure": 0,
  "mean_length_multiplier": 1.0,
  "total_reports": 86
}