{
  "mean_seizure_rqi": 39.80271976640786,
  "std_seizure_rqi": 14.05149168006965,
  "min_seizure_rqi": 6.25,
  "max_seizure_rqi": 74.45625,
  "mean_structural": 83.91472868217055,
  "mean_coverage": 40.332687338501295,
  "mean_temporal_f1": 38.65308141470932,
  "mean_localizing": 45.348837209302324,
  "mean_hallucination_multiplier": 0.8391307934057047,
  "reports_with_safety_issues": 0,
  "reports_with_non_seizure": 0,
  "mean_length_multiplier": 0.9930232558139536,
  "total_reports": 86
}