{
  "mean_seizure_rqi": 35.91126566536312,
  "std_seizure_rqi": 14.987213213308799,
  "min_seizure_rqi": 4.594324316406249,
  "max_seizure_rqi": 69.68928571428572,
  "mean_structural": 90.98039215686273,
  "mean_coverage": 34.18160597572362,
  "mean_temporal_f1": 32.78478057889822,
  "mean_localizing": 31.470588235294116,
  "mean_hallucination_multiplier": 0.8605380124999997,
  "reports_with_safety_issues": 0,
  "reports_with_non_seizure": 0,
  "mean_length_multiplier": 1.0,
  "total_reports": 85
}