{
  "mean_seizure_rqi": 38.20433924920455,
  "std_seizure_rqi": 14.416725360809986,
  "min_seizure_rqi": 4.8361308593749985,
  "max_seizure_rqi": 65.43124999999999,
  "mean_structural": 86.82170542635659,
  "mean_coverage": 38.659560723514204,
  "mean_temporal_f1": 37.6095351676747,
  "mean_localizing": 37.5,
  "mean_hallucination_multiplier": 0.8456062897801601,
  "reports_with_safety_issues": 0,
  "reports_with_non_seizure": 0,
  "mean_length_multiplier": 1.0,
  "total_reports": 86
}