metric,pearson,spearman,kendall
bleu_corpus,0.07201422787999362,0.10086867813943705,0.08220490102001478
rouge1_f1,0.09428562427260483,0.10101544591693687,0.07105012207264079
rougeL_f1,0.10253541898315956,0.10898017497652052,0.07987831528537484
berts_f1,0.06793230906579677,0.11883407961364051,0.08431026800812803
rqi,0.5683122336238574,0.5159540710493533,0.43396540771031056
