model,MSE,tIOU
InternVL3_5-8B,182649.46088435373,0.13434658306689154
InternVL3_5-38B,193133.27493261456,0.12109746616179475
Lingshu-32B,170072.5959232614,0.13266702569725394
Qwen2.5-Omni-7B,153171.46505376344,0.13142713487515917
Qwen2.5-VL-7B-Instruct,166838.36787564767,0.14065628389007584
Qwen2.5-VL-32B-Instruct,188379.65463917525,0.12069741601739165
Qwen2.5-VL-72B-Instruct,175356.82900943398,0.12589414064219956
