model,Sequence Edit Distance,Temporal Relation P,Temporal Relation R,Temporal Relation F1, LCS_Ratio
InternVL3_5-38B,17.96437659033079,0.12624997317370606,0.40017569368714406,0.1692591472377083,0.23299489879973453
Lingshu-32B,45.62849872773537,0.08470854567729197,0.608285600461173,0.13671911141353932,0.14281710716936918
Qwen2.5-Omni-7B,74.29007633587786,0.060236820299512654,0.7046284363078257,0.105620939947783,0.08357115663639385
Qwen2.5-VL-7B-Instruct,82.74809160305344,0.05981803183066684,0.7921716253777324,0.10705623709236874,0.07379053301958803
Qwen2.5-VL-32B-Instruct,499.62849872773535,0.04613598197249083,0.7071166040631689,0.0784782511039875,0.060268306481739455
InternVL3_5-8B,876.4580152671756,0.03380309863550544,0.5032692427730596,0.04817814331149561,0.06060134920395085
Qwen2.5-VL-72B-Instruct,20.40966921119593,0.13825430994708274,0.4649299244719092,0.187326787052842,0.23472578538882005
