model,rouge1_f1_mean,bleu,bertscore,question_list_score
Qwen2.5-VL-7B-Instruct,0.320720654,4.057005536,0.643163708,
InternVL3_5-8B,0.33625751,4.89006714,0.6472116,
Qwen2.5-VL-32B-Instruct,0.331767275,4.950814586,0.646553205,
InternVL3_5-38B,0.329035775,4.222232812,0.666853685,
Qwen2.5-VL-72B-Instruct,0.340068239,5.638526454,0.658087777,
Audio-Flamingo-3,,,,
Qwen2.5-Omni,0.340068239,5.127567159,0.658087777,
Lingshu-32B,0.337709537,5.127567159,0.660028405,